{
  "version": "20241128_163723",
  "category_map": {
    "Design": 0,
    "Development": 1,
    "Meeting": 2,
    "Planning": 3,
    "Research": 4
  },
  "metrics": {
    "accuracy": 0.8,
    "precision": 0.8642857142857142,
    "recall": 0.8,
    "f1": 0.8002164502164503,
    "loss": 1.4020880460739136
  }
}