{"train_loss": [1.5868359804153442, 1.4871671199798584, 1.3846125602722168, 1.2569482723871868, 1.0756101210912068, 0.8883710702260336, 0.64361039797465, 0.4902107814947764, 0.3096839487552643, 0.20409240325291952, 0.1658965845902761, 0.1021149680018425, 0.06525139758984248, 0.04189582789937655, 0.047213283057014145], "val_loss": [1.5606902837753296, 1.4987941980361938, 1.4145066738128662, 1.3004311323165894, 1.1601777076721191, 0.9941032528877258, 0.8210701942443848, 0.6578861474990845, 0.5262590646743774, 0.43185368180274963, 0.36933279037475586, 0.3391636312007904, 0.32061246037483215, 0.3034307658672333, 0.29458320140838623]}