{"train_loss": [1.7133477528889973, 1.6350858608881633, 1.420149842898051, 1.379316767056783, 1.268254319826762, 1.2457706530888875, 1.0682913859685261, 1.0015025734901428, 0.9433306654294332, 0.910309632619222, 0.8552028139432272, 0.763982892036438, 0.7259712616602579, 0.6462835272153219, 0.6192318995793661, 0.5638940234978994, 0.5073423186937968, 0.5043074389298757, 0.45367469390233356, 0.4325250486532847, 0.42099039753278095, 0.3879103660583496, 0.3761915862560272, 0.3382057746251424, 0.3271551529566447, 0.317044456799825, 0.27757732570171356, 0.2512700508038203, 0.2584449698527654, 0.24643239875634512, 0.23096652328968048, 0.2329747180143992, 0.2089545081059138, 0.19739204148451486, 0.20447849233945212, 0.20115030805269876, 0.17930619915326437, 0.1858770102262497, 0.1667822947104772, 0.159516841173172, 0.14883427818616232, 0.14837762713432312, 0.13481447100639343, 0.14087585111459097, 0.13055558751026788, 0.12258598456780116, 0.11720591535170873], "val_loss": [1.6423945426940918, 1.5128830671310425, 1.4107649326324463, 1.3206363916397095, 1.2394483089447021, 1.1597026586532593, 1.0848273038864136, 1.0158573389053345, 0.9530295729637146, 0.8980579376220703, 0.8495424389839172, 0.8030540347099304, 0.7611325979232788, 0.7225222587585449, 0.6867173910140991, 0.6554805636405945, 0.627391517162323, 0.6001872420310974, 0.5771562457084656, 0.5580013990402222, 0.5402957201004028, 0.5268361568450928, 0.5139245390892029, 0.505861222743988, 0.49656790494918823, 0.48519694805145264, 0.47568678855895996, 0.4680840075016022, 0.46060711145401, 0.4498058259487152, 0.4405492842197418, 0.43526461720466614, 0.4286283552646637, 0.4219582676887512, 0.4142715632915497, 0.4073970317840576, 0.40074393153190613, 0.39554011821746826, 0.3922533392906189, 0.391894668340683, 0.3928629755973816, 0.3935391902923584, 0.3958244323730469, 0.39578521251678467, 0.3971445560455322, 0.39828312397003174, 0.397367388010025]}