{"train_loss": [1.6712517738342285, 1.5634713967641194, 1.512441635131836, 1.362128456433614, 1.1750071843465169, 1.1359054644902546, 1.0626799861590068, 1.0539266268412273, 0.9337007204691569, 0.8454585870107015, 0.8298422495524088, 0.7204607327779134, 0.7123886744181315, 0.644278347492218, 0.5729331374168396, 0.550165077050527, 0.5204512576262156, 0.4361814359823863, 0.4106586277484894, 0.396944801012675, 0.3676532606283824, 0.3536439339319865, 0.2840539614359538, 0.306031400958697, 0.2849409580230713, 0.2652741918961207, 0.24562038481235504, 0.23060636222362518, 0.19956837594509125, 0.22743558386961618, 0.22704927623271942, 0.17949708799521127, 0.19096756478150687, 0.18029804527759552, 0.17200512687365213, 0.15939890841643015, 0.1421921948591868, 0.14624881247679392, 0.1688972016175588, 0.12791068851947784, 0.12922478715578714, 0.1322844699025154, 0.12656913697719574, 0.10851090649763744, 0.11353561530510585, 0.09786362449328105, 0.10299660513798396, 0.09345916906992595], "val_loss": [1.5297473669052124, 1.4369643926620483, 1.3544230461120605, 1.2830991744995117, 1.2171357870101929, 1.1630111932754517, 1.105330467224121, 1.0459026098251343, 0.9871459007263184, 0.9276987314224243, 0.8722665309906006, 0.8263435363769531, 0.7842678427696228, 0.7437325119972229, 0.711642324924469, 0.6792904138565063, 0.6485347747802734, 0.6254540085792542, 0.6074587106704712, 0.5924805998802185, 0.5812287926673889, 0.5730968713760376, 0.5675185918807983, 0.5589283108711243, 0.5504125356674194, 0.5436683893203735, 0.5347537994384766, 0.5305376052856445, 0.5245610475540161, 0.5166670083999634, 0.5094659924507141, 0.5006678104400635, 0.48784205317497253, 0.47967812418937683, 0.47550538182258606, 0.47409915924072266, 0.47568902373313904, 0.4751017987728119, 0.4729768931865692, 0.47074395418167114, 0.4705105125904083, 0.47115910053253174, 0.47508758306503296, 0.4776790142059326, 0.47941654920578003, 0.4781767725944519, 0.4764285385608673, 0.47619175910949707]}