{"train_loss": [1.6128826936086018, 1.6094876925150554, 1.6091527144114177, 1.6078853607177734, 1.6044231255849202, 1.6025870243708293, 1.603737195332845, 1.5998595555623372, 1.6005862553914387, 1.5952819188435872, 1.5940656661987305, 1.5998359123865764, 1.5932772159576416, 1.5916539827982585, 1.5915119647979736, 1.590632716814677, 1.5914191802342732, 1.5872344573338826, 1.5855371554692586, 1.578316330909729, 1.5790761311848958, 1.5740402936935425, 1.5730640888214111, 1.5672016541163127, 1.565693736076355, 1.5604825019836426, 1.55741552511851, 1.5563886562983196, 1.555859367052714, 1.549560825030009, 1.5463262399037678, 1.539162516593933, 1.5378177960713704, 1.5258422295252483, 1.5242658456166585, 1.5180120468139648, 1.509941816329956, 1.5110401312510173, 1.497685392697652, 1.4958113431930542, 1.4852490027745564, 1.4786288340886433, 1.4690550963083904, 1.4546825885772705, 1.4492421547571819, 1.4399056831995647, 1.4330805937449138, 1.4259297053019206, 1.413527528444926, 1.4027655919392903], "val_loss": [1.6103397607803345, 1.6094512939453125, 1.6086127758026123, 1.607797622680664, 1.6069450378417969, 1.6060550212860107, 1.605123519897461, 1.6041278839111328, 1.6030899286270142, 1.6019985675811768, 1.6008598804473877, 1.599677324295044, 1.5983933210372925, 1.5970470905303955, 1.5955979824066162, 1.594062089920044, 1.5923925638198853, 1.590611457824707, 1.5887495279312134, 1.5868057012557983, 1.5847890377044678, 1.5826444625854492, 1.5803775787353516, 1.5780166387557983, 1.5755226612091064, 1.572904109954834, 1.5701730251312256, 1.5673267841339111, 1.5643329620361328, 1.5611478090286255, 1.557861089706421, 1.5543534755706787, 1.5506352186203003, 1.5466070175170898, 1.5422942638397217, 1.537751317024231, 1.5329043865203857, 1.5278605222702026, 1.5225281715393066, 1.5169291496276855, 1.5110533237457275, 1.5049153566360474, 1.4983545541763306, 1.491334319114685, 1.4840624332427979, 1.4765260219573975, 1.4686578512191772, 1.460288643836975, 1.4516448974609375, 1.442673921585083]}