{
  "version": "20241128_140323",
  "category_map": {
    "Design": 0,
    "Development": 1,
    "Meeting": 2,
    "Planning": 3,
    "Research": 4
  },
  "metrics": {
    "accuracy": 0.9,
    "precision": 0.9333333333333333,
    "recall": 0.9,
    "f1": 0.9028571428571428,
    "loss": 1.3776358366012573
  }
}