{
  "version": "20241128_164010",
  "category_map": {
    "Design": 0,
    "Development": 1,
    "Meeting": 2,
    "Planning": 3,
    "Research": 4
  },
  "metrics": {
    "accuracy": 0.45,
    "precision": 0.6733333333333333,
    "recall": 0.45,
    "f1": 0.4488888888888889,
    "loss": 1.5754268169403076
  }
}