{"train_loss": [2.674873431523641, 2.01728618144989, 1.7016284465789795, 1.5002309481302898, 1.1688640713691711, 1.05649067958196], "val_loss": [1.6101499795913696, 1.6314256191253662, 1.6499515771865845, 1.6650314331054688, 1.6703141927719116, 1.6703048944473267]}