{
  "version": "20241128_072604",
  "category_map": {
    "Design": 0,
    "Development": 1,
    "Meeting": 2,
    "Planning": 3,
    "Research": 4
  },
  "metrics": {
    "accuracy": 0.85,
    "precision": 0.8933333333333333,
    "recall": 0.85,
    "f1": 0.8520634920634921,
    "loss": 1.5320793390274048
  }
}