{
  "version": "20241128_134658",
  "category_map": {
    "Design": 0,
    "Development": 1,
    "Meeting": 2,
    "Planning": 3,
    "Research": 4
  },
  "metrics": {
    "accuracy": 0.35,
    "precision": 0.4470588235294118,
    "recall": 0.35,
    "f1": 0.2895238095238095,
    "loss": 1.5890159606933594
  }
}