{
  "version": "20241128_141117",
  "category_map": {
    "Design": 0,
    "Development": 1,
    "Meeting": 2,
    "Planning": 3,
    "Research": 4
  },
  "metrics": {
    "accuracy": 0.75,
    "precision": 0.85,
    "recall": 0.75,
    "f1": 0.7595238095238095,
    "loss": 1.5147444009780884
  }
}