{"train_loss": [1.7141474485397339, 1.494343678156535, 1.1619624694188435, 0.9427748719851176, 0.7476224899291992, 0.6683701475461324, 0.5566611687342325, 0.4671339790026347, 0.41019124786059064, 0.39011749625205994, 0.3790816366672516, 0.2930489381154378, 0.2277920295794805, 0.2637721349795659, 0.22855874399344125, 0.21622679630915323, 0.22635587056477866, 0.1766909509897232, 0.18916279077529907, 0.1454267849524816, 0.1601771761973699, 0.12734542787075043, 0.12544325242439905, 0.12909660736719766, 0.11497435967127483, 0.11242573708295822, 0.10373082011938095, 0.14628583192825317, 0.09439343462387721, 0.08841000745693843], "val_loss": [1.5011999607086182, 1.3298664093017578, 1.1722049713134766, 1.0340840816497803, 0.9183067083358765, 0.8207422494888306, 0.742598831653595, 0.6772266030311584, 0.6223859190940857, 0.5769028067588806, 0.5391560792922974, 0.5088104009628296, 0.48390382528305054, 0.46316003799438477, 0.44456738233566284, 0.4290826916694641, 0.41508644819259644, 0.4036518633365631, 0.39436784386634827, 0.3854323923587799, 0.3770071268081665, 0.36921221017837524, 0.362032949924469, 0.3543606698513031, 0.34755808115005493, 0.34126195311546326, 0.3356020748615265, 0.3298805356025696, 0.32461029291152954, 0.3197532594203949]}