{
  "version": "20241129_120726",
  "category_map": {
    "Design": 0,
    "Development": 1,
    "Meeting": 2,
    "Planning": 3,
    "Research": 4
  },
  "metrics": {
    "accuracy": 0.95,
    "precision": 0.96,
    "recall": 0.95,
    "f1": 0.9492063492063492,
    "loss": 0.3082665801048279
  }
}