{
  "version": "20241128_071604",
  "category_map": {
    "Design": 0,
    "Development": 1,
    "Meeting": 2,
    "Planning": 3,
    "Research": 4
  },
  "metrics": {
    "accuracy": 0.8,
    "precision": 0.8400000000000001,
    "recall": 0.8,
    "f1": 0.7688888888888888,
    "loss": 1.4566045999526978
  }
}