{
  "version": "20241128_075706",
  "category_map": {
    "Design": 0,
    "Development": 1,
    "Meeting": 2,
    "Planning": 3,
    "Research": 4
  },
  "metrics": {
    "accuracy": 0.5,
    "precision": 0.4115384615384615,
    "recall": 0.5,
    "f1": 0.4155462184873949,
    "loss": 1.5878231525421143
  }
}