{"train_loss": [2.0974135796229043, 1.8401660919189453, 1.535655935605367, 1.1495600541432698, 1.015316625436147, 0.8564128677050272], "val_loss": [1.6396815776824951, 1.7588838338851929, 1.8897130489349365, 1.9988819360733032, 2.0837807655334473, 2.1360106468200684]}